,Tweet,HS_Strong
68,lengser jokowi bangsat,1
79,cina babi cina maling usir cina hypertext transfer protocol over secure socket layer t co 9y4hiwhjp2,1
95,salah target ahok agenda utama lengser jokowi,1
122,cina usak bangsa usir tuju,1
134,bangkai hajar,1
215,onta yaman nih gue depo asi,1
246,mahfud md allah subhanahu wa taala berang bangsa ajak buang islam,1
259,a inya pribumi sadar lihat kecuali cina komunis misionaris abai twit usir cina indonesia,1
278,kerja musuh dakwah islam bubar hati rakyat hak lengser jokowi kodok tukang citra,1
300,bubar hati amp front bela islam uniform resource locator,1
312,jajah bumi indonesia hapus jajah ekonomi budaya hasil bumi cina basmi negara republik indonesia usir,1
323,duduk istana negara lengser jokowi salam,1
366,bubar negara republik indonesia harga mati,1
370,azan televisi panggil manggil allah subhanahu wa taala dungu biadab henti acara catut nama tuhan,1
427,hasil penjara ahok alumni 212 dukung rizieq lengser jokowi lebaran,1
448,fahri hamzah presiden komisi berantas korupsi bubar uniform resource locator,1
466,bubar dewan wakil rakyat bubar save komisi berantas korupsi,1
474,tuju ahoker lengser prabowo jokowi hancur penjara karuan uniform resource locator,1
510,balas usir buddha ajar etnis muslim rohingya singkir data sensus duduk myanmar,1
522,bela pancasila daulat negara dukung lengser ancam nyata,1
562,dengar ulama otot kriminalisasi ulama ya lengser jokowi,1
564,cina cina usir ya rusak sih kerja,1
565,ayo bangsa indonesia sih etnis cina ahok,1
681,jokowi serah ganti jokowi lengser jokowi kisas jokowi uniform resource locator,1
692,bubar komisi berantas korupsi biar leluasa koruptor kaya negeri,1
694,rezim orang kayak berani tampil layar kaca mohon ambil tindak,1
701,cina non muslim bantai sih cina usir,1
718,bubar dewan wakil rakyat komisi berantas korupsi bodoh nya,1
754,bubar dewan wakil rakyat butuh,1
827,ganyang partai komunis indonesia mari dukung prabowo 2019,1
833,buang islam sakit laku manusia,1
911,dukung koruptor bubar komisi berantas korupsi situ isu isu partai komunis indonesia dasar koruptor,1
964,ngawur sembarang panitia khusus hambat komisi berantas korupsi lidi teman teman koruptor bubar dewan wakil rakyat sarang koruptor,1
993,bubar ikat alumni universitas indonesia oi,1
1173,ahok tamat penjara ahok penjara ahok,1
1183,nya muara nya tanggung presiden solusi solusi turun jokowi,1
1219,lengser jokowi frop parah frop,1
1353,mari bubar dewan wakil rakyat uniform resource locator,1
1400,blokir jokowi mantap nyata dunia maya gambar tinggal realisasi dunia nyata lengser jokowi,1
1415,sumbu pendek jokowi koalisi negara partai komunis indonesia jokowi partai komunis indonesia lengser jokowi pusing hamba,1
1488,ganyang partai komunis indonesia bese a antek antek,1
1490,bubar komisi berantas korupsi fud orang sangka kalah nih,1
1566,usir jajah cina bumi indonesia,1
1624,butuh presiden ganyang partai komunis indonesia anti partai komunis indonesia,1
1636,modus sindikat cina tipu uang rakyat indonesia usir cina indonesia,1
1669,usir cina negara republik indonesia,1
1698,indonesia negara hukum jokowi ubah indonesia negara kuasa makar jokowi lengser jokowi,1
1705,coba prabowo level office boy peran jokowi klaim turun uniform resource locator,1
1741,burung dara terbang hulu burung nuri sayap biru suara pilih pilih presiden mancing ikan malam ikan makan campur ketan ayo menang ai islam hancur ai setan allahu akbar,1
1804,tuntut golkar pecat setya novanto dewan wakil rakyat bela mundur pimpin malu,1
1831,ayo buang alquran kitab sampah,1
1835,barakallah dukung 2019 ganti presiden 2019 ganti rezim hancurkanpa aisetan,1
1859,ahok korban rezim turun jokowi,1
1861,khianat negara republik indonesia komplot putus rugi negara tenggelam komplot moncong babi antek partai komunis indonesia,1
1882,ganyang partai komunis indonesia kuat tenaga,1
1887,bubar komisi berantas korupsi sop sadap sesuai putus mk,1
1936,partai politik cari ayo tenggelam partai demokrasi indonesia juang level kepala perintah rugi negara rugi bangsa 2019 ganti presiden 2019 presiden,1
1968,anggota dewan wakil rakyat grup bubar uniform resource locator,1
1979,indonesia beijing usir cina,1
1983,tagar ganti lengser jokowi,1
2010,hancur partai adil sejahtera hancur partai adil sejahtera hancur partai adil sejahtera hancur partai adil sejahtera hancur partai adil sejahtera hancur partai adil sejahtera hancur partai adil sejahtera hanc,1
2118,adab tuju adab buang islam buang islam biadab rang,1
2133,tangkap setya novanto sanggup bubar komisi berantas korupsi,1
2165,tuju bangsa indonesia butuh orang pahlawan nasionalis ajar cinta negara republik indonesia kaum radikal cinta kencing onta biadab singkir kerja rad,1
2185,partai komunis indonesia partai demokrasi indonesia p bubar partai demokrasi indonesia p,1
2201,ulang reformasi 98 jilid 2 turun jokowi,1
2266,tipikal bani 212 bin onta kampret cepat puji orang hormat cepat caci nya salam tuan guru bajang haha bubar partai adil sejahtera,1
2296,serang perintah jokowi bentar henti kuasa lengser pilih presiden,1
2327,presidential threshold langgar konstitusi rezim otoriter habis habis tabrak tubruk undang undang kali undang undang dasar jebol mk lengser jokowi,1
2332,lengser jokowi rejim anti subsidi rejim anti rakyat,1
2381,ahok cari cari celah serang saksi drama ahok kriminalisasi penjara ahok,1
2416,jokowi lengser ganti ahmad heryawan cebong solot contoh,1
2426,grafik posisi papa saham bubar komisi berantas korupsi uniform resource locator,1
2447,takut ganyang partai komunis indonesia bahaya embrio iblis kembang biak,1
2467,lengser lengser jokowi,1
2477,usir nih cina ki gila pamungkas bui gara gara anti cina cina tumpang negeri uniform resource locator,1
2485,biar jokowi lindung ahok 2019 lengser jokowi mantap,1
2512,usir buddha tanah jawa,1
2527,ayo jaga utuh negara republik indonesia tangkap nista agama stop kriminalisasi ulama uniform resource locator,1
2532,ganyang partai komunis indonesia kumpul keripik indonesia uniform resource locator,1
2537,usir duta negara kristen putus hubung diplomatik,1
2550,ayo muslim hantam lgbt rakyat paham buang islam parmusi dorong rancang undang undang anti paham lgbt,1
2644,penjara nista agama turun uniform resource locator,1
2655,bubar dewan wakil rakyat dewan wakil rakyat daerah bentuk panitia khusus hak angket rakyat beku dewan wakil rakyat dewan wakil rakyat daerah,1
2682,imigran tinggal myanmar 1948 imigran cina usir indonesia atur main,1
2792,ancam bunuh lucu ancam presiden banget sih tuntut pidana berat berat,1
2810,bubar dewan wakil rakyat,1
2811,biar hancur rezim uniform resource locator,1
2814,ganyang partai komunis indonesia anjing uniform resource locator,1
2866,pensiun kepala polisi republik indonesia uniform resource locator,1
2874,bubar dewan wakil rakyat diam uniform resource locator,1
2887,takbir ganyang partai komunis indonesia,1
2921,indonesia damai usir cina indonesia,1
2941,kemarin siantar copot spanduk mu curi curi kampanye demo panitia awas milu nih sih djarot main curang kampanye demo buruh tindak pasang calon curang no 2 keren register 40 pilih gubernur sumatera utara 2018 pilih kepala daerah sumatra utara,1
2945,lawan usir duta myanmar boikot urus buddha,1
2989,dana haji embat jokowi lengser negara gadai asing defisit anggar belanja negara amblas turun jokowi,1
3016,blokir jokowi harap lengser jokowi,1
3070,19 pimpin masjid pimpin ajak jalan syariat islam sungguh sungguh jatuh pimpin non muslim,1
3080,siloam cina usir andai ku mati anak anak ku paham filosofi hidup harga kaki jajah,1
3117,ngeri bangsa sih partai komunis indonesia biadab bangkit tolak bubar,1
3119,bubar panitia khusus komisi berantas korupsi polling rakyat parlemen biar bubar panitia khusus komisi berantas korupsi uniform resource locator,1
3215,khianat partai komunis indonesia bunuh jenderal partai komunis indonesia keblinger karno bubar partai komunis indonesia turun harga harga bubar kabinet tritura,1
3224,cina kuasa ekonomi media massa ayo usir indonesia,1
3238,usir cina indonesia,1
3256,kupas tuntas gebuk habis antek antek komunis,1
3276,coba usir cina 100 rakyat negara republik indonesia gembel negara republik indonesia kayak asing asing triliun uras negara republik indonesia stop tolol,1
3347,bubar komisi berantas korupsi kuat lembaga negara sistem politik,1
3423,nyata tol utang jepang 3 jokowi layak makzul turun jokowi,1
3456,nama sandirawa cundang bubar urus ecek ecek berani urus bantu likuiditas bank indonesia rumah sakit sumber waras,1
3459,tolak atur perintah ganti undang undang tolak rezim otoriter atur perintah ganti undang undang pintu masuk lengser jokowi,1
3472,bubar amp usir yordania,1
3486,jokowi mundur jenderal bantai 2019 pilih presiden,1
3547,turun jokowi rezim korban ahok,1
3557,beda paham kulit tangkap sih cina,1
3606,komisi berantas korupsi semrawut goblok bubar c ambang haha haram uniform resource locator,1
3629,tangkap ahok tuju,1
3696,lengser jokowi repo presiden bantu sanggup sejahtera rakyat,1
3714,lengser jokowi,1
3747,henti komisi berantas korupsi bubar dewan wakil rakyat rakus rakyat,1
3762,ahok pilih pimpin dasar agama langgar konstitusi babi bungkus congor pecah belah umat agama,1
3826,bangun kabinet tingkat daya beli lengser,1
3852,usir cina negara republik indonesia warga negara indonesia turun cina skrining,1
3861,ganyang partai komunis indonesia,1
3862,media milik cina ya usir biang pecah,1
3868,lihat rezim jual aset bangsa lengser jokowi garuda bangkrut,1
3880,dukung 200 nyata najwa komisi berantas korupsi dewan wakil rakyat bubar,1
3927,ahoker goblok tuntut lengser jokowi uniform resource locator,1
3929,detik sih be ahan nyata nya kitab suci fiksi fiktif aidit tantang umat islam 240 juta orang negeri orang,1
3930,bubar komisi berantas korupsi nyata lemah kuat adil tata usaha negara batal a inya bohong ott,1
3992,ai partai komunis indonesia indonesia pe nama ajar cina rusia partai komunis indonesia penghianat pancasila,1
4060,tolak bangkit partai komunis indonesia tolak atur perintah ganti undang undang anti islam jokowi diktator lengser jokowi rakyat tentara nasional indonesia uniform resource locator,1
4088,salah propaganda kaum komunis gaya jokowi gerombol lengser jokowi,1
4110,mari awas keliling jelang 30 si aktivitas antek komunis lapor ulama tentara nasional indonesia ganyang partai komunis indonesia,1
4122,4 ai pergi ai banteng nyungsep kunci tang rakyat tunggu sekolah 2019 langsung lengser jokowi revolusi,1
4140,when tumblr tiktok telegram are blokir by the government salah orang blokir aplikasi menteri komunikasi informasi goblok when a zionis kills one palestinian dasar yahudi amp boikot israel beli produk kafir,1
4155,kepung istana mari lengser orang no 1 ina jokowi orang daftar calon pegawai negeri sipil enak daftar calon pegawai negeri sipil mudah buka,1
4190,hukum jokowi turun konstitusional langgar undang undang lengser jokowi,1
4199,bubar hati tolak paham khilafah,1
4207,malam ganyang bakar bunuh partai komunis indonesia,1
4243,kuasa coba adil amanah tolak atur perintah ganti undang undang otoriter tolak atur perintah ganti undang undang anti islam lengser jokowi,1
4245,cina babi bikin rusak indonesia bantai,1
4266,bingung euy profesor doktor bicara sing turun jokowi,1
4406,bohong mimpi delusi nyata nya buruk hukum carut marut larut indonesia bangkrut turun jokowi,1
4444,ganyang partai komunis indonesia rakyat indonesia dukung uniform resource locator,1
4487,ahok jatuh mudah jokowi lengser,1
4499,ayo lengser 2019 kasih ampun,1
4550,cina bicara cina orang islam rohingya usir buddha myanmar kampret,1
4557,perintah ulama ganyang partai komunis indonesia uniform resource locator,1
4628,front bela islam dukung ahok kalah izin allah gusur gubernur koruptor nista agama uniform resource locator,1
4642,komisi berantas korupsi nya bubar gaji uang rakyat main dagel lenong bocah,1
4691,ki gila p titis jayabaya ri undang undang dasar 1945 usir cina,1
4697,ganyang partai komunis indonesia ber intelligence quotient 200 uniform resource locator,1
4722,dewan wakil rakyat bubar bangsa pe ahankan komisi berantas korupsi,1
4729,oke banget usir minoritas umat buddha indonesia ba er umat islam nya,1
4771,bunuh partai komunis indonesia anak balas dendam usir komunis cina reklamasi,1
4775,berani muhammad nabi gadungan dorong komisi lindung anak indonesia larang anak aji,1
4787,kepung yayasan lembaga bantu hukum indonesia bubar hati ikat alumni universitas indonesia oi uniform resource locator,1
4802,bubar komisi berantas korupsi ikan wenang komisi berantas korupsi polisi jaksa,1
4817,kaum fasis agama main lagu suka ganyang partai komunis indonesia,1
4839,kudeta revolusi lengser rezim jokowi panglima kepala polisi republik indonesia ganti tentara nasional indonesia polisi republik indonesia pimpin nasakom bahaya,1
4847,usir duta myanmar negeri kasih umat buddha tawar imbau henti siksa umat islam,1
4864,komisi berantas korupsi bubar rakyat wajib bubar wakil rakyat dewan wakil rakyat,1
4980,tunggu habis aset negara lengser jokowi,1
4998,ayo lengser jokowi dewan wakil rakyat majelis musyawarat rakyat cari aman rakyat kadal doang,1
5012,tangung blokir jokowi yuk ah tingkat lengser jokowi biar hidup bangsa negara negara republik indonesia tenang damai,1
5018,ganti kepala polisi republik indonesia ganti presiden lengser jokowi harga mati,1
5048,lengser jokowi sepe i main,1
5073,hati organisasi paham larang bumi pancasila bubar,1
5097,buddha radikal lindung usir duta myanmar save rohingya pray for rohingya,1
5107,agenda demo turun jokowi penjara ahok partai komunis indonesia besok demo suruh angkat prabowo presiden aksi 299 aksi maksa,1
5109,habis habis bang usir kafir cina nusantara racun akidah tukang sogok kristen lacur minum keras kafir anjing,1
5128,hati bubar,1
5131,ayo adakan referendum bubar dewan wakil rakyat ri komisi berantas korupsi,1
5176,ayo jaga utuh negara republik indonesia tangkap nista agama stop kriminalisasi ulama hypertext transfer protocol over secure socket layer t co dxidq4zqhv,1
5178,ayo lengser jokowi bugis,1
5179,tuju jokowi berani lengser gatot jokowi,1
5182,tangkap ahok kelompok nya laku palsu e kartu tanda duduk rupa khianat bangsa negara,1
5190,mari lengser presiden biar gila ahoker wkwk,1
5231,cocok komisi berantas korupsi bubar caci maki surat pemberitahuan anak,1
5309,ganyang partai komunis indonesia darurat partai komunis indonesia,1
5312,usir cina jongos jongos indonesia damai,1
5377,biar habis nih aset negara lengser jokowi uniform resource locator,1
5453,tangkap jenderal banci kayak prabowo bodoh,1
5476,ayo cepat revolusi lengser jokowi negeri azab allah subhanahu wa taala tegak hukum presiden batas,1
5503,ya demo bawa ria lengser jokowi istana blokir jokowi,1
5517,ganti rezim ganti presiden pilih pasang calon usung partai demokrasi indonesia juang pilih kepala daerah 27 juni 2018 2019 ganti presiden,1
5569,ky fungsi makan gaji buta habis anggar belanja negara hakim nakal rajalela bubar uniform resource locator,1
5634,tuju bubar komisi berantas korupsi angkat ketua badan berantas korupsi uniform resource locator,1
5658,usir duta myanmar indonesia tanah air negeri haram saudara umat buddha uniform resource locator,1
5720,turun tirani kalah tirani ahok tumbang tinggal tugas,1
5752,ragu ganyang partai komunis indonesia,1
5812,2017 ahok lengser misi 2018 lengser jokowi jaka akece,1
5815,lengser otot reklamasi,1
5908,bubar panitia khusus dewan wakil rakyat nya rakyat rugi bayar pajak gaji kerja nya sibuk,1
5932,on the way jakarta wusssstt turun jokowi,1
5933,rezim dablek utang pakai dana haji lengser jokowi,1
5963,lengser jokowi rekan gagal perintah,1
6089,organisasi masyarakat radikal front bela islam huh hati bubar radikal anti bineka anti cina kristen sadar usir suriah suruh gabung isis,1
6110,lengser jokowi langgar undang undang becus kelola negara,1
6124,menteri capai target ganti presiden janji lengser,1
6139,duta myanmar berani usir besok habis salat gerebek duta buddha indonesia gagu,1
6164,bubar hati presiden jokowi nilai diktator uniform resource locator,1
6191,lengser indonesia,1
6216,setya novanto bebas sok dukung bubar bentuk lembaga bersih,1
6246,turun jokowi makan nya minum nya teh botol nya muara nya turun jokowi,1
6260,presiden tolong serah daftar 100 orang merana 2019 ganti presiden,1
6265,rejim partai komunis indonesia lengser jokowi pimpin tukang kriminalisasi ulama,1
6286,ayo bangsa indonesia sih etnis cina perompak aset negara,1
6334,putus hubung diplomatik myanmar jokowi turun uniform resource locator,1
6402,hakim bubar komisi berantas korupsi,1
6418,tugas umat islam indonesia berat tegak hukum lengser jokowi,1
6479,yusril halang halang i bubar hati lengser jokowi,1
6485,bubar dewan wakil rakyat,1
6488,bubar komisi berantas korupsi komisi berantas korupsi pakai alat politik perintah,1
6547,dewan wakil rakyat bubar fungsi habis anggar ladang korupsi uang mahar,1
6557,negeri selamat 1 syarat lengser jokowi jaga negara republik indonesia selamat negeri,1
6563,usir buddha indonesia diam lihat bantai uniform resource locator,1
6577,lengser jokowi biar lihat goblok,1
6590,iya negara pimpin orang paham kelola negara lengser jokowi,1
6622,layak bubar mari referendum rakyat bubar dewan wakil rakyat,1
6644,seriawan hamid marah nilai presiden amp jajar potensi penghianat bangsa kutuk kelak petaka negeri,1
6656,allah subhanahu wa taala paham toleransi buang ajar toleransi indonesia gabung sabang merauke 2016,1
6660,tuju usir turun arab india cina masuk zul uniform resource locator,1
6706,ganyang partai komunis indonesia wajib jaga negara republik indonesia pancasila uniform resource locator,1
6721,siapppp tunggu 2019 cepat jokowi lengser negeri kacau balau,1
6743,hancur partai demokrasi indonesia juang bese a antek 2nya kumpul kafirun munafik,1
6769,ganyang partai komunis indonesia perang buka generasi partai komunis indonesia umat islam,1
6813,usir cina cina indonesia indonesia kuasa bebas jajah,1
6851,usir cina indonesia rusak bangsa uniform resource locator,1
6899,kepung kantor jaka a,1
6907,iya ahok pimpin nista agama penjara hypertext transfer protocol over secure socket layer t co yhho40qwxs,1
6911,hati hati kali usir ahmadiyah kristen susul buddha hindu sunni usir,1
6915,perintah bastian lengser jokowi halang halang aksi bela islam,1
6956,tanu usir cina,1
7027,perang cina usir cina bumi indonesia,1
7030,fahri hamzah usir dewan wakil rakyat,1
7124,komisi berantas korupsi bubar,1
7125,percaya cina heran jabat indonesia jongos cina kristen tegak hukum islam usir cina,1
7141,ganyang partai komunis indonesia uniform resource locator,1
7210,lengser rezim jokowi cepat negara hancur amburadul,1
7233,menga ikan ijab kabul janji nikah langkah rangka buang islam,1
7263,ahok jeruji demo rumah tahan demo jokowi amnesti grasi kasih lengser jokowi salam,1
7283,mari lawan hancur rezim kocak jongos cina komunis,1
7325,nakal polisi kuat animo umat islam lengser jokowi 2019,1
7341,usir duta myanmar,1
7348,tangkap ustaz bajing uniform resource locator,1
7373,save komisi berantas korupsi tolak rekomendasi amp bubar panitia khusus angket komisi berantas korupsi tanda tangan petisi uniform resource locator via,1
7383,tangkap sih gerung nista kitab suci agama,1
7411,komisi berantas korupsi tangkap koruptor komisi berantas korupsi gagal bubar serah polisi jaksa,1
7434,ganyang partai komunis indonesia musnah,1
7451,nyata jokowi komunis lengser uniform resource locator,1
7516,hati wahabi mugkin layak bubar,1
7559,hajar jokowi,1
7597,berat wakil setya novanto dewan wakil rakyat ri pecat setya novanto dewan wakil rakyat ri,1
7599,partai komunis indonesia zombi ancam negara republik indonesia umat islam ganyang partai komunis indonesia uniform resource locator,1
7623,istana asai komunis rakyat lengser jokowi jokowi diktator rakyat tentara nasional indonesia uniform resource locator,1
7715,massa provokasi be eriak ganyang partai komunis indonesia,1
7756,rezim anti islam tumbang 2019,1
7774,negara demokrasi ya bubar komisi berantas korupsi,1
7827,bubar acara partai komunis indonesia,1
7836,organisasi masyarakat hancur negara republik indonesia wajib bubar partai komunis indonesia,1
7894,tumbang jokowi radikal lengser jokowi,1
7931,cina ahoker berani bayar pribumi aparat aparat korup legal aktivitas cina bangsa suku indonesia usir cina,1
7947,cina angkat kaki istana,1
8022,lengser gebuk bukti dukung radikalisme,1
8096,sesuai tap majelis musyawarat rakyat pecat jokowi diam jokowi langgar tap majelis musyawarat rakyat layak lengser majelis musyawarat rakyat takut 98 ulang,1
8128,ganyang partai demokrasi indonesia p partai demokrasi indonesia p ubah nama partai komunis indonesia,1
8155,2019 ganti presiden suka umbar janji lengser,1
8296,tuju usir cina negeri,1
8308,ajak desak perintah atur islam larang indonesia salam,1
8335,lengser jokowi bukti cinta jamban wkwk,1
8346,ratus massa organisasi masyarakat islam gerebek jaka a ganyang partai komunis indonesia uniform resource locator uniform resource locator,1
8363,usir buddha myanmar bumi indonesia uniform resource locator,1
8398,fahri hamzah bela prabowo pe olongan perintah jokowi rohingya bubar partai komunis indonesia bubar partai komunis indonesia,1
8405,rezim jokowi lengser adil kuasa jalan lengser jokowi,1
8425,bubar dewan wakil rakyat nya stop korupsi,1
8474,partai komunis indonesia khilafah anti pancasila bubar tangkap dewan wakil rakyat dukung,1
8496,menteri dagang cina tumpang cari makan hidup indonesia cari perkara pribumi usir negara republik indonesia,1
8503,umat islam butuh pas pilih injak ayo daftar hitam ai politik rezim anti islam,1
8537,busuk sih lihat salah orang salah lihat bubar panitia khusus angket komisi berantas korupsi,1
8544,tangkap ahok kelompok nya laku palsu e kartu tanda duduk rupa khianat bangsa negara,1
8564,tangkap ahok rakyat front bela islam indonesia hancur ulama,1
8565,lihat negara republik indonesia sepe i korea utara rezim jokowi blokir jokowi lengser jokowi,1
8616,selamat indonesia ayo penjara ahok lengser jokowi,1
8620,bubar komisi berantas korupsi,1
8671,dekrit bubar dewan wakil rakyat,1
8692,usaha cina reklamasi pulau batal jokowi lengser uniform resource locator,1
8705,usir bantai orang hindu buddha indonesia biar tau uniform resource locator,1
8724,cina kenal trik tipu daya mending usir suruh habitat asli,1
8731,lengser presiden lemah,1
8743,bubar dewan wakil rakyat,1
8777,pers program sambung buang islam indonesia manfaat,1
8813,usut sandiaga korupsi anies pamer buku jerman batal angkat anies sandi,1
8842,polisi adil tegak hukum dukung rakyat jokowi bikin rakyat resah lengser,1
8867,turun jokowi ayo mahasiswa nongkrong televisi tonton acara alay leluhur panggil,1
8885,turun jokowi jokowi kader partai komunis indonesia selubung boneka sekretariat jenderal partai komunis cina wacana aneh bahaya daulat negara rezim,1
8959,bayak tangkap korupsi komisi berantas korupsi gagal bubar serah polisi jaksa,1
8963,bubar dewan wakil rakyat sarang miskin rakyat,1
8980,ganyang partai komunis indonesia khianat partai komunis indonesia 1948 uniform resource locator,1
9000,mari rapat baris target nya lengser jokowi isu partai komunis indonesia bela kafir pria non pria,1
9072,ganyang partai komunis indonesia uniform resource locator gedung jaka a uniform resource locator uniform resource locator,1
9097,perempuan indonesia ber burka cadar harap musnah indonesia,1
9128,usir orang orang buddha kristen indonesia bakar rumah rumah orang orang kristen buddha,1
9132,usir cina harga,1
9165,alhamdulillah gera sp i mas oknum oknum jahat tunggu moga golput lengser jokowi,1
9197,gebuk pasu congor rusuh sikat habis kasih kendor makhluk makhluk sontoloyo,1
9206,indonesia republik berisik presiden lengser jokowi,1
9231,intelligence quotient 200 lihat langgar ham myanmar 1 usir duta myanmar 2 usir orang agama buddha indonesia,1
9239,rakyat demo bubar dewan wakil rakyat sih jago korupsi,1
9259,kuat islam roboh rezim dukung anti islam,1
9263,keren bang ulas mantap juang bela rakyat lemah nan lengser jokowi,1
9313,2019 ganti presiden pilih kepala daerah daerah khusus ibukota 2017 singkir ahok insya allah 2019 ganti presiden,1
9349,lengser jokowi main hukum,1
9358,saudara cinta agama negara umat islam bangkit gerak 2019 ganti presiden gerak 2019 presiden,1
9372,ganyang partai komunis indonesia tentara nasional indonesia uniform resource locator,1
9406,usir cina bala mongondow juragan ng,1
9417,bubar partai komunis indonesia orde orde pas berantas partai komunis indonesia,1
9437,nih panggil hormat mulia kerja bikin kacau negara ayo ramai ramai golput dewan wakil rakyat bubar dewan wakil rakyat,1
9452,komisi berantas korupsi tangkap ott komisi berantas korupsi gagal bubar serah polisi jaksa,1
9487,lengser penghianat tusuk a antek antek,1
9537,tangkap unggah obrol mesum rekayasa rekayasa kelompok kiri pesan sih kiri tuju kuasa sih kiri lengser jokowi,1
9572,kunyuk nih orang kasih kendor nih ciduk,1
9582,ya tunggu jalur nya lengser jokowi jokowi end,1
9590,penjara nista agama turun hypertext transfer protocol over secure socket layer t co vqh0tnxarz,1
9600,lengser jokowi megawati lengser ahok lengser ahok padam lilin nusantara,1
9601,bantu lengser jokowi,1
9612,unjuk indonesia tuntut lengser jokowi,1
9613,bantah iman allah subhanahu wa taala iman biadab wajib lopor buang islam,1
9631,usir rohingya indonesia rohingya nista gadis buddha myanmar,1
9643,surat pemberitahuan tunggu 2019 lengser hancur negeri presiden,1
9648,penjara cina kafir ateis masuk ahok pimpin babi tukang korupsi,1
9659,tentara nasional indonesia gerak partai komunis indonesia bangkit rajalela lengser jokowi gagal total pimpin indonesia uniform resource locator,1
9683,solusi 2 1 lengser jokowi 2 khilafah,1
9684,koordinasi kuat massa muslim kepung duta myanmar usir duta orang buddha biadab indonesia,1
9730,tuju bahagia senang majelis musyawarat rakyat dewan wakil rakyat bubar gaji negara korupsi rugi,1
9779,ajak negara oki buang islam lukman jalan damai timur,1
9793,lengser om dewan wakil rakyat kuasa rakyat berani kawal lengser,1
9809,usir duta myanmar kumpul orang buddha indonesia lapang buka adakan orasi uniform resource locator,1
9832,potong tangan bajing pimpin munafik daerah munafik persa syariat cambuk orang pacar doang,1
9862,usir turun cina pe ahankan pribumi arab usir turun ya,1
9894,nih partai demokrasi indonesia juang nasional demokrat bicara ganyang partai komunis indonesia memble,1
9912,mending bubar bikin lembaga anti korupsi paradigma bebas,1
9928,jokowi tunggu 2019 2017 lengser konstitusi hehe,1
9992,ganyang partai komunis indonesia waspada bahaya laten,1
10004,usir bakar lilin aksi bineka aksi teroris cina bukti mata sipit pegang lilin,1
10012,bubar dewan wakil rakyat asli negara jalan,1
10046,ayo lengser sih joko,1
10082,dewan wakil rakyat butuh dukung kayak nya nih hak nyata lengser jokowi daulat tangan rakyat serah rakyat,1
10112,kang lengser jokowi kerja nya pikir infrastruktur pikir rakyat nyaman ekonomi stabil,1
10139,ganyang partai komunis indonesia hapus lambang partai komunis indonesia film intimidasi komunis antek partai komunis indonesia sepe i hantu,1
10196,percaya mulut orang xg kenal orang info biar sumbat mulut pakai petas biar modar anjing bohong,1
10206,menteri negeri indonesia janji hancur kuat anti cina jokowi anti pribumi turun jokowi tiru turki,1
10261,lengkap juluk komisi berantas korupsi antek yahudi komunis haha bubar semen padang fc,1
10302,bubar ai gaduh ai burung pipit ai sapi jual agama,1
10303,bubar dewan wakil rakyat,1
10305,bubar komisi berantas korupsi busuk,1
10320,pribumi tolak etnis cina pimpin indonesia adu pancasila bineka,1
10332,lengser jokowi kuasa cina komunis,1
10377,gue rakyat indonesia sukarela berantas cebong komunis,1
10382,usir duta myanmar lindung teroris buddha save rohingya,1
10388,ganti presiden tenaga kerja asing cina pulang datar cina pakai getek,1
10413,rezim diktaktor ekonomi cina sumpah setia undang undang dasar penghianat turun jokowi,1
10427,mari lengser jokowi habis ramadan,1
10432,gebuk komunis partai komunis indonesia selamat negara republik indonesia kasih kendor bantai ulama kiai nu ulang,1
10544,usaha cina reklamasi pulau batal jokowi lengser,1
10547,usir depak cina amerika komunisme sekuler liberalisme demokrasi ganti hukum allah rasul gus syams,1
10564,usir cina partai komunis indonesia negara republik indonesia,1
10570,khianat undang undang dasar 45 angket nya kesini kena lengser jokowi,1
10571,umat islam toleran umat kristiani buddha rindu cina usir uniform resource locator,1
10589,komisi berantas korupsi kalah layak bubar,1
10593,jokowi kalah demo jokowi kalah rizieq jokowi kalah front bela islam lengser mending rusak negara bangsat,1
10606,usul bagus lengser uniform resource locator,1
10665,ayo nu lengser jokowi gue bantu doa,1
10693,1 kacau hukum politik sosial 2 tanggung presiden 3 jokowi biar 4 lengser jokowi ayo penjara ahok,1
10729,sektor kacau fakta bunuh bela waras orang orang negeri lengser jokowi gas mpr2017,1
10738,om makar om ya makar megawati biar cina cina korup bantu likuiditas bank indonesia partai demokrasi indonesia juang lengser jokowi,1
10761,ganyang partai komunis indonesia ganyang partai komunis indonesia ganyang partai komunis indonesia uniform resource locator,1
10796,garuda sengaja bangkrut biar asai asing asing cina laknat lengser garuda bangkrut,1
10812,tangkap laku polisi lengser jokowi rezim partai komunis indonesia,1
10871,lengser jokowi,1
10891,subhanallah ahok vonis salah naudzubillahimindzalik tanda wajib lengser jokowi,1
10921,cina usir indonesia lihat miskin,1
10958,ganyang partai komunis indonesia antek uniform resource locator,1
10996,allah subhanahu wa taala tuhan gadungan buang jamban jorok,1
11017,lebaran presiden 1 massa 2 wibawa 3 strategi sidang istimewa lengser jokowi lebaran,1
11040,kantor kepung massa takut kuak pokok ganyang partai komunis indonesia,1
11060,lengser tito beres kepala polisi republik indonesia masak sp i lawan ahok dek jokowi kriminalisasi,1
11110,usir cina ganyang cina,1
11145,umat buddha usir indonesia uniform resource locator,1
11151,amin ya rabi lengser jokowi,1
11164,dasar muka tai babi tenar agama bawa bawa berani media sosial umat agama nya hina hina marah mudah nya langsung maaf ayo front bela islam buruh cari o,1
11254,bubar dewan wakil rakyat manfaat hambat maju tega hukum negara republik indonesia,1
11272,bentar partai komunis indonesia indonesia bubar partai demokrasi indonesia juang,1
11297,usir cina negeri kecuali cina patriotik kayak gue,1
11356,kuli cina nya usir tenaga kerja indonesia anggur uniform resource locator,1
11380,besok bubar tentara nasional indonesia,1
11395,bubar dewan wakil rakyat kerja santai antuk gaji wakil wakil rakyat becus susah rakyat,1
11406,bubar komisi berantas korupsi komisi berantas korupsi rusak nalar demokrasi,1
11408,tuju langkah lengser jokowi haha,1
11412,bagus reklamasi gagal batal ahok jokowi lengser enak,1
11423,stigma partai komunis indonesia komunis kafir munafik babi ya dewan wakil rakyat teriak gantung bunuh usir warga negara indonesia etnis cina,1
11435,bubar panitia khusus bubar dewan wakil rakyat,1
11511,1 usir duta myanmar 2 putus hubung diplomatik 3 unjuk nasional 4 tarik nobel suu kyi 5 tuntut maaf umat buddha 6 utus pasu selamat,1
11581,tolong bubar acara partai komunis indonesia uniform resource locator,1
11594,bela cina keparat ubah anjing buduk marah enyah cina keparat bumi negara republik indonesia sumpah cina hidup indonesia setia tanah air sum,1
11631,keji biadab ganyang partai komunis indonesia paham komunis negara republik indonesia uniform resource locator,1
11653,oi warga bawa bocah emak ya oke turun jokowi,1
11666,allahu akbar rakyat front bela islam bubar gera masyarakat indonesia copot kepala polisi daerah jawa barat selamat ulama gaduh ahok,1
11667,1 gusur ahok 2 lengser jokowi,1
11679,jabat negara putus presiden rancang undang undang islam larang indonesia,1
11716,coba kordinir demo dewan wakil rakyat suara rakyat bubar dewan wakil rakyat save komisi berantas korupsi,1
11777,juang kalah ahok pindah lengser jokowi,1
11781,bera i dewan wakil rakyat percaya bubar,1
11799,bubar komisi berantas korupsi ecek ecek urus,1
11803,om makar om adil sosial sosial taipan korup makar makar rezim lengser jokowi,1
11819,indonesia tindak nyata usir duta myanmar indonesia biksu buddha militer bunuh masal genosida etnis rohingya,1
11839,kunyuk dewan wakil rakyat bubar komisi berantas korupsi,1
11855,tebang pilih pilih tebang bubar bentuk lembaga independent,1
11863,ya atuh usir hindu buddha biar monoteis deh tau a i esa sih,1
11887,tuju turun jokowi bela pro partai komunis indonesia,1
11903,rezim paranoid bukti perintah rapuh rindu ria lengser istana ribu rakyat kepal tangan,1
11915,usir cina jokowi radikal usir cina generasi bangsa mental rusak tumbang jokowi uniform resource locator,1
11955,usir teroris buddha bunuh muslim rohingya usir duta myanmar,1
11965,mantap usir kaum cina karawang,1
11971,benam 2018 2019 rezim anti islam,1
11979,mari ganyang partai komunis indonesia negara republik indonesia,1
12023,ayo polisi tangkap usir sih raja kodok komunis istana cebong cina komunis hancur negara republik indonesia,1
12065,usir cina tiongkok uniform resource locator,1
12113,mumpung september ganyang partai komunis indonesia,1
12117,umat muslim indonesia keras jokowi megawati rezim masuk kepala polisi republik indonesia kepala polisi daerah lengser jokowi,1
12120,bubar ai politik,1
12130,bubar panitia khusus buang uang cari gara gara tok uniform resource locator,1
12151,rezim represif anti islam lengser jokowi,1
12152,rakyat lengser jokowi,1
12191,paham eksistensi komisi berantas korupsi logika korupsi lembaga anti maling berantas maling bubar komisi berantas korupsi,1
12195,tumbang jokowi radikal tumbang rezim tirani lengser jokowi,1
12229,mantan nyanyi cilik gembrot jelek banget ya salah eh nyata gede cebong kasihan deh pilih calon sombong orang sujud tenggelam,1
12233,bubar komisi berantas korupsi tanggung polisi republik indonesia jaksa,1
12248,bubar komisi berantas korupsi pilih kasih lolos,1
12253,ganyang partai komunis indonesia antek antek nya jaka a,1
12276,hati hati jajah cina pakai belanda adu domba pribumi lambat usir cina bangsat negara republik indonesia,1
12309,usut korupsi sandiaga anies batal angkat anies sandi,1
12354,presiden bohong blokir jokowi lengser jokowi,1
12375,gue tuju dewan wakil rakyat bubar,1
12390,hati organisasi paham larang bumi pancasila bubar,1
12471,aneh dewan wakil rakyat bau busuk tusuk mafia anggar main proyek bolos bubar,1
12475,ganyang partai komunis indonesia akar akar uniform resource locator,1
12574,makar no lengser jokowi iya faizal assegaf ketua progres 98 juta rakyat demo damai,1
12575,kayak indonesia orang indonesia cina aneh ayo pribumi usir negeri,1
12591,stop tutup iklan meike a meike a proyek bodong pribumi sampah jongos cina be obat,1
12592,ganyang partai komunis indonesia antek antek orang orang ai dukung uniform resource locator,1
12608,bubar hati korupsi mulu,1
12709,usir fahri maling maling dewan wakil rakyat,1
12736,lini panas ganyang partai komunis indonesia,1
12743,kepala otak presiden curiga rakyat buruk sangka takut tagih janji laku rakyat presiden tuduh rakyat intoleransi rakyat radikal teroris tenggelam partai demokrasi indonesia juang ting,1
12774,anies menang tahap lengser jokowi,1
12789,amin lengser jokowi bikin ribet rakyat aksi 313 jokowi takut lengser,1
12803,medali ujung ujung ajak teriak kafir lengser,1
12868,ganyang partai komunis indonesia uniform resource locator,1
12875,lengser jokowi,1
12923,penjara ahok lengser jokowi komunis cina nista alquran an nista agama kriminalisasi ulama kriminalisasi organisasi masyarakat islam,1
12936,pilih kepala daerah daerah khusus ibukota penuh intimidasi hasil sah anies sandi kampanye janji janji palsu batal angkat anies sandi,1
12956,sakti jubah kuasa tunggu rakyat marah pecat setya novanto pecat ketua dewan wakil rakyat,1
12971,allahu akbar gaduh ahok rakyat front bela islam bubar gera masyarakat indonesia copot kepala polisi daerah jabar penjara ahok,1
12997,bera i pribumi ya ayo bahan pribumi usir indonesia turun cina pribumi,1
12999,benci jokowi bawel koreksi beliau lengser,1
13060,komisi berantas korupsi bubar manfaat buang uang rakyat urus korupsi polisi impoten lembaga lebur era presiden rakyat indonesia percaya institusi in,1
13092,usir buddha indonesia notabene mayoritas cina,1
13101,bubar hati tangkap komisi berantas korupsi,1
13108,turun jokowi deh,1
13140,ajar cinta henti nabi muhammad bejat sembah nyembah allah subhanahu wa taala dungu biadab indonesia merdeka 100,1
13142,bubar dewan wakil rakyat bubar dewan wakil rakyat bubar dewan wakil rakyat bubar dewan wakil rakyat bubar dewan wakil rakyat bubar dewan wakil rakyat bubar dewan wakil rakyat bubar dewan wakil rakyat,1
13152,rizieq shihab front bela islam jancuk anjing kontol tempek anjing babi bajing bangsat lonte balon banci bencong tai cabul kecut cok teroris bubar organisasi masyarakat front bela islam hizbut tahrir indonesia makar,1
0,cowok usaha lacak perhati gue lantas remeh perhati gue kasih khusus basic cowok bego,0
1,telat tau edan sarap gue gaul cigax jifla cal licew,0
2,41 kadang pikir percaya tuhan jatuh kali kali kadang tuhan tinggal orang tua rencana pisah kakak pilih kristen anak ter,0
3,ku tau mata sipit lihat,0
4,kaum cebong kafir lihat dongok dungu haha,0
5,ya bani taplak kawan kawan,0
6,deklarasi pilih kepala daerah 2018 aman anti hoaks warga dukuh sari jabon,0
7,gue selesai re watch aldnoah zero kampret 2 karakter utama cowok kena friendzone bro xd uniform resource locator,0
8,admin belanja po nak makan ais kepal milo ais kepal horlicks cendol toping kau kau doket gerai rozak me uaku taipan 2 kembar baby amp romantika bank islam senawang,0
9,enak ngewe,0
10,gue jari gue ukur nyali bacot,0
11,banci kaleng malu pe anyaan 2 nyungsep koe uniform resource locator,0
12,ajar ekonomi mesti jago privatisasi hati orang aduh ironi,0
13,aktor huru hara 98 prabowo si lengser perintah jokowi nyata,0
14,bu guru enak jablay guru sekolah dasar sih kayak nikmat pecun guru,0
15,lawan bicara gue intelek kayak otak kencing onta gue hadis nabi sahih kafir kayak tolak ahlun nar,0
16,pikir ampas banget ya,0
17,ari bek rapi monyet,0
18,cowok gantle gantle nama banci,0
19,alga mnr bom,0
20,anjing ya gue jarang ambek takut wkwk gue budak cinta,0
21,noob peluang sakit nya gede sih,0
22,joko widodo nilai presiden lemah sejarah indonesia jokowi milik modal dukung politik ketidakmampuan perintah hadap situasi ekonomi,0
23,ajar camat bilah hilir deklarasi anti hoaks amp pilih kepala daerah 2018 damai,0
24,bandara udara internasional ajati bangun gubernur ahmad heryawan anggar belanja negara perintah pusat insya allah operasi,0
25,gubernur presiden rakyat ya,0
26,sih kerja delay mulu setan,0
27,pintu sorga pintu sorga asli pintu hati modus banget,0
28,partai komunis indonesia muncul jelang pilih kepala daerah pilih presiden goreng gosong,0
29,nenek nenek heran cebong bohong,0
30,islam nusantara produk jil pasar gencar antek jil jil anti arab pro asing almarhum kh hasyim muzadi,0
31,habis sahur jam 10 si bayi nete kali lemas,0
32,kak emak suka sipit wkwk,0
33,laku homo jaman now ngentot live blued gay video gvid lokal hangat uniform resource locator,0
34,kak gue orang jawa maaf ya gue orang palembang kakak deh ajar aksara jawa kelak ajar budaya palembang,0
35,pegawai guardian training kayak mentang mentang gue kayak gembel kaos flat shoes dijutekin bangsat malas beli kabur gue matahari,0
36,para bajing luka lady terima ganjar ratus kali lipat sanji selamat ulang laut jkt48,0
37,aja tolak berita hoaks sukses pilih kepala daerah wilayah kota,0
38,presiden ri jokowi kerja nya tulus ikhlas rakyat jokowi,0
39,edan tuju fabiano,0
40,al alquran ya bang mulut kayak orang kafir bejat hina farhat abbas law,0
41,lihat beda wibawa wibawa gubernur indonesia masya allah,0
42,anjir kali lihat orang bego debat pilih kepala daerah kerja serang karakter kecewa on empok silvy and agus debat final pilih kepala daerah jakarta,0
43,gubernur zaman now gus ipul puti 2 ganjar yasin 1 djarot sihar 2 hasan anton 2 koster ace 1 nurdin sudirman 3 karolin gidot 2 keanekaragaman budaya suku agama sungguh kaya djarot hadap pese a rakercabsu,0
44,iya islam lokalisasi kristen mas nusantara mas lihat gereja bandung pakai gamelan khotbah pakai bahas sunda jawa huria kristen batak protestan nusantara,0
45,cipta situasi aman tertib masyarakat jelang pilih kepala daerah 2018 kepala polisi sektor konang silaturahmi tokoh masyarakat,0
46,positif nse positif respon masyarakat hadap cangkul impor garam impor beras impor jagung impor tenaga kerja impor esemka impor nurl,0
47,sembahyang adopsi tradisi lokal kerja hindu istilah sembahyang pun lahir tradisi ritus menyembahhyang tunggal shalat sembah all,0
48,didik bodoh larang bawa agama biar orang islam bayar ahok sadar pilih ahok gila,0
49,ahok the best abai kaum kampret otak micin,0
50,sih otak tempurung laden lawan dungu makan hehe,0
51,awaasss berita saudara gerung susah cari kosakata bocor picing mata bibir monyong samping suara ky nhn kentut politik kotor zaman b pulang ky nhn ngeden dungu,0
52,pinokio umur 3 2019 ganti presiden,0
53,cerita silat lae kho merah muda oh indonesia liang ie shen tulis cina,0
54,benci umat islam,0
55,provokasi mayat politisasi agama kalah pilih kepala daerah daerah khusus ibukota cebong deskripsi kalah junjung for your information ahok pilih camat wakil etnis mayoritas,0
56,gue nete,0
57,wkwk bani lowo,0
58,takabur lahir kuasa rakyat ulama cendikia iblis makhluk alim amp ibadah atus ratus laknat hasud takabur orang ahli ilmu filsafat failosof mari demo sendi,0
59,a orang suka konser konser boros,0
60,makan racun ulama hukum rokok mubah,0
61,susilo bambang yudhoyono presiden ri 6 khofifah emil masyarakat no 1 bagus khofifah emil nomor,0
62,kali gue gemar korea pop omong teman teman gue idol gue banci homo,0
63,suka video uniform resource locator kisah seteru haji bolot amp malih tongtong,0
64,budaya kafir sungguh islam indah,0
65,hem hem diam bisu coba rumput goyang,0
66,setan bisik was was lindung allah qs al a raf 200 fussilat 36,0
67,ateis sibuk agama orang,0
69,selamat kakak 2019 ganti presiden 2019 presiden,0
70,bajing homo hati hati hadap anak anak utama kamar mandi laki laki biar uniform resource locator,0
71,iya cocot,0
72,budaya indonesia,0
73,ajar salat a orang asing pecah belah islam,0
74,x bicara bangkai,0
75,percaya negara jajah ranah bubar sistem sistem beraja negara negara republik komunis negara negara jaja,0
76,nikmat bijak usul partai komunis indonesia iya,0
77,umpama orang cina usir paksa indonesia,0
78,bunda ngentot yuk,0
80,karno anti asing beliau jawa coba deh adakan konsensus jawa anti asing pro asing kebo ohannya keliru tutup akun,0
81,proyek korupsi rezim susilo bambang yudhoyono uniform resource locator,0
82,wajar lihat tingkah petinggi negeri suka campur bahas indonesia bahas asing kali bicara,0
83,ab pribadi senang kompetisi positif,0
84,kitab suci agama bilang om dadak kalap,0
85,suka tutup mata tutup lihat te utup gara gara sipit,0
86,muslim nista kitab suci alquran an alquran an suku detik makna faktual umat islam makna sirat fiksi,0
87,eh kasar kampang,0
88,bentar gue rilis album the onta si wkwk,0
89,cebong bang,0
90,najis banget gue mentwit barusan he,0
91,transgender anjing uniform resource locator,0
92,awas bintit intip titit kucing,0
93,bawel bawa asa bolot bodor wkwk ya deh,0
94,gue saran bacot maling ayat langsung to the point orang paham riak kafir sesat liberal puja dukun bla blaaa hati puas deh,0
96,kena tagar panas banget 2019 ganti presiden,0
97,maju duit goyang kaki pape duit nak maju kat bodoh uniform resource locator,0
98,huria kristen batak protestan pecah kristen katolik zaman jajah belanda nama kristen protestan kristen katolik pecah huria kristen batak protestan p kali tarutung k,0
99,baca biar pintar jepang amerika cina utang tau,0
100,prabowo kalah bantu jokowi citra ratap pilu,0
101,takut azan iblis,0
102,goblok bani cebong tukang tipu jilat kuasa gera bayar pakai nasi bungkus propaganda nasi bungkus gagal,0
103,cebong sewot,0
104,2 gera tekan kerja keras total tingkat potensi bangsa,0
105,gubernur djarot mayoritas ai politik dewan wakil rakyat daerah dukung ahok djarot payah ya uniform resource locator,0
106,rezim rusak sistem sibuk cari cari salah ketemu komisi berantas korupsi alat besok perintah ganti ulang engah selesai organisasi orang,0
107,orang orang tuding antek asing asing sungguh be epuk tangan,0
108,anti asing,0
109,selamat moga kiprah tingkat nasional,0
110,asyik menang sih ulama,0
111,ketapang tenaga kerja asing asing kerja usaha masuk pt who tambang bauksit viral pilih presiden kerja era gubernur cornelis wakil,0
112,anak pecun hobi zina haha,0
113,bom surat harga syariah negara,0
114,istirahat presiden momentum saksi telinga mata rapat bentuk pacitan 2003,0
115,1979 house select committee on assassination hsca temu cacat investigasi laku fbi warren commission hsca simpul tembak laku konspirasi,0
116,asa genap 1 17 april 2018 gelar hajat pilih presiden acara negara indonesia pilih presiden moga senantiasa jalan aman lancar amin,0
117,ian pantat,0
118,orang pintar agama agama nista hujat orang orang bodoh orang maaf lahir idiot harga cipta tuhan iblis pintar licik,0
119,daftar calon presiden pilih presiden 2019 buka agustus 2018 normatif politikus partai demokrasi indonesia juang paham 2019 ganti presiden,0
120,sih tolol tau perintah rezim komunis bobrok koruptor pimpin sidang dewan wakil rakyat paya cebong uniform resource locator,0
121,gue mantan mantan gue sedih pikir tidur lo gue anak berengsek laki laki,0
123,2019 ganti presiden konstitusional hak rakyat woiii nih plonga plongo laku otoriter,0
124,mari wujud pilih kepala daerah kota bengkulu 2018 aman damai cok adem86 98heru,0
125,serius presiden jokowi islam nusantara kristen nusantara buddha hindu kong hucu nusantara,0
126,nyata moeldoko bukti istana takut bangkit umat islam,0
127,cowok jago drasex ngentot adik luvian,0
128,kroasia kafir tau ajar kafir lupa kapling sorga,0
129,nya menteri suha o homo,0
130,gue tau culun takut orang ubah perlahan lahan buruk,0
131,perang salib raja afrika babilonia peluk kristen tobaco peluk islam,0
132,kejar setor bangsat rupiah turun,0
133,moga tindak lapor hadap nista agama adek armando laku langsung ketua front bela islam kh shobri lubis badan reserse kriminal markas polisi republik indonesia gambir jaka a pusat selasa 10 4 13 00 indonesia barat perhaps,0
135,onta mati minum,0
136,uniform resource locator ahok tng was was hidup,0
137,sul teng ekses akibat sandera hutang cina 2019 ganti presiden 2019 presiden 2019 jokowi ganti,0
138,6 pride yunani hyper phania angkuh harga sombong kenal hubris vanity harga ubah manusia sombong sombong manusia kutuk mata tuhan manusia cinta,0
139,be anya tuju hati logika hati tenang be anya logika hati sedih ku cari wasiat beliau tinggal asing asing mata manusia duhai,0
140,be aji nya komisi berantas korupsi era era komitmen berantas korupsi surat pemberitahuan era susilo bambang yudhoyono,0
141,admin tolol ai tolol ai tolol orang tolol,0
142,ayu ting ting goyang hot raffi ahmad nagita slavina kampung norak uniform resource locator,0
143,video tenaga kerja asing malaysia kutip nyata,0
144,ppp buru buru tolak wacana pilih kepala daerah dewan wakil rakyat daerah,0
145,random pagi pagi samper meja kerja pakai bedak sih biar muka bersih istri butek ku pakai air wudhu ku kristen,0
146,gue kampret,0
147,memek lonte sodok kontol gede,0
148,jokowi mundur tutup uniform resource locator,0
149,bicara mulut sepe i banci beli kaca lihat bro,0
150,amin racist nada nada ratna sih paiiit nada sih onta nada sih lobang anus takut oi oi habis obat tenang ya,0
151,tunggu komando imam bejat cabul tai bir bawa ulama dasar banj sempak,0
152,kabinet beranta pecah belah rezim,0
153,ih pintar orang politik kaca oi tampang k k orang bego wkwk,0
154,partai demokrasi indonesia juang menang tekan usaha tambang target proyek impossible lelang murah antek cina ntb contoh partai demokrasi indonesia juang menang dasar bajing,0
155,percaya mulut buaya mu bawang,0
156,2019 susilo bambang yudhoyono prabowo lawan mega jokowi peristiwa 2004 ulang partai demokrasi indonesia juang incumbent kalah mutlak susilo bambang yudhoyono jokowi mega susilo bambang yudhoyono lawan prabowo mk pilih presiden selesai 3 poros pilih presiden mk salah lawan,0
157,kayak banci kaleng gatot gaduh gentleman mundur saing pilih presiden 2019 lawan jokowi,0
158,bebal,0
159,5 indonesia negara populasi muslim dunia islam rupa musuh barat amp komunis hambat agenda obviously,0
160,umuh persib persib kunyuk,0
161,film muslim pilih ahok mati salat jamin laris,0
162,banu banu yahudi beda banu banu kristen suriah salah beda banu yahudi pakai eloah elohim yahwe suriah pakai alah allah,0
163,eh muka merah merah cendol setan cuaca nih panas,0
164,berita saracen diframing katak tim prabowo anies sandi media tumpah sakit hati katak cebong ehe,0
165,giat bhayangkara bina aman tertib masyarakat brigadir polisi manajemen bas sekolah sihombing rabu 11 april 2018 laksana sambang desa tatap muka pantau aman tertib masyarakat tuju pilih kepala daerah 2018 desa lobusiregar i rumah rudi panjaitan helm siahaan hotman siahaan,0
166,sayang banget ya lihat perempuan kayak status tempel laki laki aduh nagita slavina blak blak ayu ting ting kampung viva uniform resource locator,0
167,lupa kang umat katolik minoritas perhati gubernur golong golong,0
168,cebong bilang kemarin eyel situ paksa cebong,0
169,lemah gerindra orang prabowo turun elektabilitasnya congor fadli zon surat pemberitahuan durno,0
170,selamat kakak kali raya makna kali,0
171,foto bisu milik a i susah ikan sepe i susah ikan putus,0
172,wkwk alam muncul grub wa a bani abdi had a k a mbah mek kenal orang,0
173,ayah pres badar nuqaba boekkk nih hebat bidang agama x takut natural killer tegur member lawak hambar lawak orang jom gerak gera badan chubby,0
174,orang anak pekan ilham dasar ekonomi deb gerak utama maju ekonomi bandar beliau allah ya rahman tun abdul razak ds malaysia pilih hogohundi,0
175,haha sialaaan nih sih nyata lapar presiden sikat,0
176,nasihat kali ugal ugalan nih rezim eh negeri keburu hancur ekonomi moral meni kacaoooooo,0
177,alah silit kebelet kasihan orang sayang media sosial gue sadar instansi kemarin gue cerita duuuhhh,0
178,iya cacat,0
179,2019 rakyat makan aspal beton solusi jitu miskin ahli cebong 1 tukang tipu cebong goblok ketulungan plonga plongo akibat optimisme 2019 ganti presiden,0
180,baca harun yahya belot kubu yahudi freemason nya kadang suka percaya,0
181,maju ulama gerak tokoh agama indonesia gus mus,0
182,,0
183,mukidi percaya pe anyaan mudah ya keras keras nama,0
184,kemarin hujat harap dasar bani kampret,0
185,fitnah sila ban apollinaris darmawan al alquran kitab sampah,0
186,monyet koloe bilang saudara ogah hidup ya hati comberan,0
187,body lufra scrub bahan dasar lidah buaya melembabkan kulit amp cahaya info 087812026394 body mass index,0
188,cacat,0
189,anut bumi datar teori bumi bulat orang asing notabene musuh,0
190,becak warga binjai sita tenda be uliskan 2019 ganti presiden partai adil sejahtera radang bukti perintah panik takut,0
191,jokowi mundur,0
192,musyawarah nasional alim ulama ppp semarang hasil rekomendasi syarat kriteria kriteria calon wakil presiden damping jokowi 2019 romahurmuziy,0
193,cerah nya gagal anak ekonomi wkwk,0
194,kafan budaya yahudi umat islam klaim,0
195,rezim kendali negara cina komunis patron tunggal rezim anti islam jokowi,0
196,tanda nya pilih kepala daerah pilih presiden,0
197,misi 4 bangun masyarakat gotong royong toleran harmoni selaras nilai budaya jawa barat luhur nomor jawa barat asyik asyik menang,0
198,tabah pasang taufik puan nurliyana wajar contoh jom sumbang ringan beban pasang come on twitter do your pikir badan standar nasional 0510541000096745 bank islam 05058020145124 nurliyana bosan abdul razif,0
199,sih tai doang belaganya langit karma idol flop gue tertawa keras,0
200,celeng kangen gue iya,0
201,rang negeri budaya yuk unjung purwoke o mumpung even rakyat purwoke o ekstra vaganza banyumas,0
202,presiden dana taktis rakyat program program perintah program bangun infrastruktur kip kartu indonesia sehat ifikat tanah hutan sosial bahan bakar minyak 1 harga padat karya,0
203,amin ya allah tim latih ular rawa rawa sungai gede musuh buaya wkwk,0
204,maju maki mama bolot,0
205,gerombol kadal jidat gosong suka ribut gerombol salah pura pura budek dasar gerombol cingkrang uniform resource locator,0
206,gentar takut hadap kafir,0
207,saracen akun kritis anggap saracen aneh jokowi,0
208,bego teman gue najis kesal gue,0
209,kafir kristen ulah,0
210,tau bau bau cir sipit buluk,0
211,kayak pegang mucikari,0
212,guru tk darma wanita desa plumbon porong deklarasi anti hoaks benci isu sarah dukung pilih kepala daerah damai,0
213,anjir seram main,0
214,kayak bank te entu bilang jual uang asing tukar rupiah,0
216,hati hati berita pilih kepala daerah bau hoaks madiun madiun today 100thmadiun kotak karismatik madiun tolak cukai ilegal kunjung,0
217,anak cocot ya,0
218,udah hoaks ya fahri ambil berita tuyg tong sampah ambil screenshoot tau berita,0
219,mantap direct message baris serba bang,0
220,nyata lebah suka bunga makan bangkai gue penasaran madu nya kayak,0
221,indonesia mundur bentuk,0
222,dongok bilang hacker haha,0
223,haha blunder cebong protein energy malnutrition pusat alas ham rakyat aceh ya kali coba perintah bilang suruh hukum islam kaffah aceh dewan wakil rakyat a,0
224,bangsat gue selam 1,0
225,pancing pancing urus nista bicara paham fiksi kitab suci,0
226,cebong kacung teman gue dungu tulang sumsum buang buang energi debat,0
227,ai korupsi sapi goblok,0
228,sinyal kontol pelihara niat sih login twitter doang susah open redtube setan,0
229,mata kafir wkwk,0
230,facebook anjir lupa,0
231,sih bilang alah kontol,0
232,nikita mirzani pakai hijab bicara cebang cebong fantasi uh ah cokorers,0
233,tatap alih arah enggan tatap pria curiga pe kali gaduh suasana angie temu orang pria asing tidur sofa sepe i,0
234,lahir kembang gera komunis indonesia pisah buah organisasi nama indische sociaal democratische vereeniging,0
235,shaheizy wajah baharu calpis,0
236,ya serah balas fokus kerja kerja tugas proyek seni budaya 2 langsung kumpul presentasi syukur nilai muas proyek,0
237,bro,0
238,laku bodoh masuk kategori senang laku sontoloyo menganggu bangsa laku naif langsung bentuk intimidasi hadap ulama laku,0
239,monyet turun mukim warga cibadak sukabumi uniform resource locator,0
240,kotor bahagia warga cebong nge i,0
241,giveaway taplak meja menang the rich chenle,0
242,buka busuk kubu anies sandi menang berkah uniform resource locator prabowo usaha cuci tangan,0
243,wkwk bodoh bang,0
244,kayak orang bego bro b ego,0
245,menteri lingkung hidup hutan upaya perata ekonomi tora kawasan hutan hutan sosial tribun medan,0
247,orang orang bego minum amp makan kotor onta otak nya somplak,0
248,kuak strategi kampanye tim menang anies sandi uniform resource locator,0
249,warga badui selesai tradisi seba pendopo perintah kabupaten lebak be emu gubernur banten wahidin halim sabtu 21 4 seba baduy 2018,0
250,lembaga lembaga anti korupsi bubar sentuh kuasa gilir komisi berantas korupsi partai demokrasi indonesia juang ai politik kuasa pulang otot bubar komisi berantas korupsi,0
251,mas sudut salah agama t entu bahaya rocky cerdik susun kalimat amp inti kasih tau pnge ian fiksi ayo mas nya i,0
252,dukung calon presiden gagal pindah on sibuk urus asing bawa kabur uang rupiah 35 t sadar asing kabur bawa uang dukung pribumi anjing mustahil asing pribumi diam sogok mental kacung uniform resource locator,0
253,rabun budek gue tulis bicara,0
254,bismillah tahan sepo kutuk,0
255,brahahahaaa cebong nya ahoker cebong cebok,0
256,update status bikin tugas tugas selesai ya jancuk jembut,0
257,muslim jabat negara be indak bangsa negara,0
258,12 ikan sembuh sakit selamat bagus laik jual pisah seleksi ikan cacat permanen pelihara sehat ikan ncc,0
260,presiden tuduh rezim anti islam negeri umat uniform resource locator,0
261,manusia bangsat,0
262,ya cina kenal wisata haram indonesia haha,0
263,prabowo partai adil sejahtera bib asyik anggap antek prabowo antek partai adil sejahtera hidup dramatis,0
264,sahabat salah lovren bukti beda suku agama ras halang bina hubung umat manusia beda warna jalin pe emanan terima kasih lovren salah favorit best friend forever bro,0
265,lae turun turun ideologi partai komunis indonesia lekat jiwa,0
266,kesal rokok motor iya kadang pengap tutup macet,0
267,maaf kunyuk bro enak banget rasan sebar hoaks maaf sebar hoaks maaf mesti sapu biar jera nih orang uniform resource locator,0
268,halo warga jaka a wakil kepala dinas tanam modal layan padu pintu provinsi daerah khusus ibukota jaka a denny wahyu haryanto wakil wakil gubernur provinsi daerah khusus ibukota jaka a buka acara 2018 junior chamber international jci indonesia nasional event setiamelayanijaka a,0
269,2 kuat jaring gubernur tekan kuasa state of the a knowledge a bahasa rantau indonesia,0
270,pandang tuan guru bajang hadap agama politik,0
271,sedia berengsek,0
272,susilo bambang yudhoyono presiden ri 6 khofifah emil masyarakat no 1 bagus,0
273,dungu orang ganti presiden tau mikiiiir,0
274,bokep cewek bispak bandung ngentot crot unduh full uniform resource locator uniform resource locator,0
275,kampret complain raga tanggap fuck,0
276,kayak jablay grand theft auto jemput pakai mobil,0
277,lihat memek tante,0
279,ha lengkap orang bukti goblok sih,0
280,tidak salah orang khalifah rasyidin kami rang orang kafir kalau orang orang munafik tidak orang munafik,0
281,suka nete uji nasional maklum,0
282,nek lihat match chelsea sih menang mudah manchester united iya embuh sih chelsea kacrut ki prediksi,0
283,ya kali tentara nasional indonesia suruh urus sampah plastik,0
284,khawatir manuver politik bijak laku rezim moga negara republik indonesia cinta amin,0
285,madi arya lapor rocky gerung polisi serius kitab suci fiksi rocky nyata salah hina tunggu anut agama a anggap kitab suci,0
286,bajing tengik,0
287,pakai buruh cina rakyat anggur dasar rejim kodok,0
288,,0
289,rupiah haneul cute pacar perek on retweet,0
290,bilang anti asing asing tau wkwk,0
291,suriah sekolah radikal rakit bom pulang indonesia ya aman,0
292,kadang hidup kayak tai kadang berak orang beres tainya tangan iya,0
293,ih banci selotipan,0
294,haha kalah nih iya orang jahat kalah,0
295,gubernur zaman now gus ipul puti 2 ganjar yasin 1 djarot sihar 2 hasan anton 2 koster ace 1 nurdin sudirman 3 karolin gidot 2 keanekaragaman budaya suku agama sungguh kaya djarot hadap pese a rakercabsu,0
296,cinta orde meng idola prabowo amp hary tanoe,0
297,tantang buka dada eh setan habis kamus lawan kenegarawanan joko widodo presiden ri 7 stresssssss nih hati hati kena strok serang jantung rakyat indonesia hilang badut badut politik merdeka,0
298,belah duren ya dungu ya cebong maaf ya,0
299,2 orang orang yahudi nasrani al kitab taurat injil kenal muhammad,0
301,ahok verbal keras lampias lari lelaki lunak,0
302,teman teman kantor langgan cadar langsung bilang awas bom hela nafas,0
303,pantat nih tusuk tusuk open bo wa 08157686707 gay berondong massage boy gayjaka a gay yogyakarta gay tangger,0
304,ancam bunuh presiden republik indonesia mas mesti lapor tegak hukum be indak ancam bunuh kepala negara,0
305,kayak orang nyosor nete,0
306,ngewe,0
307,jebur cebur,0
308,partai adil sejahtera ulang balai kota rr bicara calon presiden balai kota ganti nama balai politik,0
309,rencana seret adil ham pbb uniform resource locator,0
310,bijak barang konsumen laku barang rusak cacat produksi konsumen puas produk hitung 7 tanggal beli haus mini quiz hazid kunyuk,0
311,kisah hidup muhammad lengkap unduh,0
313,we pipis onta cecer mari bau pesing,0
314,teriak lantang pm h pro asing pas tawar bantu asing bikin posko inti kompor keluarga korban pm h bilang 15 3,0
315,mari juang jokowi lantik 2019 gentar takut mata benang leher ujung tombak perut surut langkah bisu suara,0
316,kayak monyet,0
317,survei metro televisi jokowi menang presiden hitung ya 45 kalah 46 salah judul maksud jokowi menang sumber zie bajrie,0
318,,0
319,cuba tegak anime nih karakai jozu no takagi san nak feeling feeling cinta monyet zaman sekolah throwback habis 9 10 uniform resource locator,0
320,seru pesta budaya derau kuta kakak anegara,0
321,kontak retweet ya banget kenal tante jilboobs sange nini nama tante dea o,0
322,debat publik ajang bukti pintar ruang akademik pamer indah orang kuat lemah egosentris nama kuat tahan l,0
324,hebat sibuk citra baca nih,0
325,muslim hina iblis betina nista syariat,0
326,baby kafir buddha teroris myanmar,0
327,indonesia merdeka indonesia jajah orang cina takbir allahu akbar uniform resource locator,0
328,politik hanta yudha pasang calon no 2 nya jawa jawa gayeng 2019 jokowi,0
329,jongos nista agama ahok sok sok ngong sara majikan nya tebar sara astagfirullah tobat,0
330,follow beli katolik akun prof wawas bangsa terima kasih,0
331,sih bejat cabul kecut sih onta iya,0
332,wibisono citra jokowi sebar up media massa pro asing kes jokowi hasil,0
333,adi gaya kayak beruk supir tembak metromini masuk dewan wakil rakyat kampung,0
334,km mainstream mengaa ikan pintar pintar relatif gantung bawa penge iannya surat pemberitahuan pintar meng undeeestimate orang gue pintar komen rejim now pintar mangkrakan janji janji doang sok making,0
335,gue dongok,0
336,ih masak sampah,0
337,gue pukau 2019 ganti presiden,0
338,aspirasi lina sumedang calon gubernur jabar berantas rebut laki orang resah hidup warga desa,0
339,yaelah chat urus lihat mesum anggota dewan wakil rakyat diam nyata selingkuh tujuh pura pura budek cebong iq ratus otak,0
340,takut cina i dap bimbang paham bawa,0
341,cermin pecah kaca,0
342,langsung tag ainya berani ya bera i banci,0
343,awwww comel nya asing warna,0
344,islam manusia idealis realistis hidup lupa ajak kerja keras ajak istirahat,0
345,kristus anjing anjing jembut keparat picek tai pejuh siwuk kutang siwuk idiot keparat picek tai pejuh siwuk kutang siwuk idiot keparat picek tai pejuh siwuk kutang siwuk idiot keparat picek tai pejuh siwuk kutang siwuk idiot keparat picek tai pejuh siwuk k,0
346,agama katolik katolik nusantara agama kristen protestan kristen protestan nusantara agama hindu hindu nusantara agama buddha buddha nusantara,0
347,3 bas teknologi digital presiden sistem jalan langsung ramah ratas,0
348,ah asa hibur cebong bahagia presiden cebong tol cebong germo,0
349,resah presiden hidup penuh drama citra main film televisi joko judul uniform resource locator,0
350,agama kristen golong darah b nasal san fernando valley,0
351,buddha bunuh muslim myanmar,0
352,yahudi bangkai jerman ibadah,0
353,papa ketua fraksi rakyat nya setya novanto dewan wakil rakyat pecat ketua dewan wakil rakyat pecat dewan wakil rakyat,0
354,cina,0
355,hoaks kodok biawak roket sekop bangsat karbitan munafik 2019 ganti presiden 2019 presiden 2019 tenggelam jokowi sungai siak,0
356,ribut komunis bla bla emoh baca baca niat agitasi serang perintah pakai cari simpatisan,0
357,10 presiden jokowi harap skema kerja laku bangun bangun,0
358,pilih langsung biar pilih presiden dewan wakil rakyat calon presiden biar kayak kucing karung bikin mekanisme oke calon presiden gubernur prestasi maju calon presiden gubernur,0
359,vital inter bek kanan beda ya era maicon ambrosio cancelo bagus nhmmmm bera i simpul geblek ausilio,0
360,nama agama munafik,0
361,43 contoh tuding duga korupsi susilo bambang yudhoyono dorong jaksa usut himbau komisi berantas korupsi usut duga korupsi jokowi,0
362,cium bau bau pecun uniform resource locator,0
363,henti konsumen wisata haji rumah tipu produsen wisata jiarah indonesia,0
364,buru nazi simon wiesenthal pegang foto foto gambar mantan kepala gestapo laki laki rauf buah van kamar gas gerak eksekusi orang orang yahudi,0
365,caci maki nista agama nyata poligami umpet sih ogah,0
367,sih royson jokowi kacung gue alas fundamental rezim sepe i sengaja masuk debt trap komunis cina north sumatera offshore wajib 2019 ganti presiden,0
368,wkwk mampus pepet uji ah,0
369,gubernur jaman now ya anti hoaks sebar isu ganjar yasin menang ganjar yasin 1 ganjar yasin,0
371,laku bani cebong,0
372,baju yahudi top 4 bas geng jubah putih kopiah minyak atar janggut dahi belekok bak ahli syurga nih out of place mohon rajam,0
373,gue ge marah auto daftar hitam hidup gue sampah daur ulang,0
374,anjir bekas silit,0
375,cebong panas ngawur,0
376,amin moga be iga tampil sumbang medali sumatra selatan,0
377,,0
378,gubernur zaman now gus ipul puti 2 ganjar yasin 1 djarot sihar 2 hasan anton 2 koster ace 1 nurdin sudirman 3 karolin gidot 2 keanekaragaman budaya suku agama sungguh kaya djarot hadap pese a rakercabsu,0
379,bingkai bangkai ajar hidup,0
380,edan menang lihat ya ampun kakak r gue banget,0
381,partai komunis indonesia alias ai korupsi indonesia ganyang,0
382,perempuan kayak mending mati deh jelek sok make up a ist,0
383,jual gue kayak jablay,0
384,bijak tugas jajar kereta listrik doang tumpang doang suruh orang menge i menge i butuh orang bangkai,0
385,titit nya sambung pakai accessoris,0
386,mata gue pas sipit aneh banget,0
387,banci gigih natural killer uniform resource locator,0
388,waspada cina komunis indonesia,0
389,banci kampung heeee,0
390,gembel ganteng kasihan cinta asyik asyik hebat,0
391,deklarasi pilih kepala daerah 2018 aman anti hoaks toga jemirahan jabon,0
392,setia usaha agung pas datuk takiyuddin hasan sahkan cuba pinda lembaga i sepe i presiden i,0
393,najis,0
394,sastra e karl mark pentol komunis rusia,0
395,otak kayak bool deh mes makan silit,0
396,ganti rezim kacung cebong,0
397,cina hak larang,0
398,hebat bicara cinta pegang alquran pegang hidup alquran bicara cinta perang bunuh penggal,0
399,jomlo jablay,0
400,perjaka jual sok sok an booking tante idiot anjir,0
401,rev 1 pilih ulama kafir munafik,0
402,jaga bersih lingkung orang orang melek wajib buang sampah bicara tugas bersih,0
403,sejuk gila kantor kulit buaya,0
404,ooo kena imbang nakal kucing anjing abang dark side bright side chill sosial kalai lengkap haha k bang selamat maju jaya terima kasih,0
405,solusi 2019 ganti presiden dampak signifikan nya obat cegah sakit be ambah parah,0
406,gampang kak buka handphone buka browser ketik budaya palembang sila nikmat ajar gratis,0
407,gerombol onta bela umat mata politik praktis tuan guru bajang demokratis umat pikir modern salut tuan guru bajang,0
408,culun mending kampung jess,0
409,goyang jilboobs mantap nih hyper kontol squi tonton live nya besok,0
410,islam indonesia islam nusantara islam modifikasi rupa masuk budaya indonesia agam islam nusantara islam toleran,0
411,presiden aspek indonesia mbak anti investasi asing ubah invasi asing wajib warga negara lawan,0
412,09 15 indonesia barat kepala unit bina masyarakat inspektur polisi mt hutasoit laksana sambang pesan pesan aman tertib masyarakat pilih gubernur pilih kepala daerah 2018 karyawan bank rakyat indonesia ranting muara damenra silit kawan kawan desa hutanagodang camat muara kabupaten tap utara,0
413,kalimantan tuju batu bara nya keruk listrik megap megap,0
414,fardu kifayah hukum wajib ajar islam pilih presiden utus kalang santri sokong ulama maju pimpin negeri,0
415,ha bangkai nih truk,0
416,nahdliyin setop hina hadap maruf amin,0
417,cebong kampret onta singgung laut,0
418,risa pulang latih khusus iris hazel milik tangkap siluet orang gadis gadis asing risa temu gadis radio tinggal kerja r,0
419,haha orang gila bicara cak micin biar otak encer cong omong ngawur muslim muslim silit tau babi,0
420,coba kaca introspeksi keluarga pakai hijab komunis otak pakai prope iya orang,0
421,muhammadiyah inggris jalin kerja kendali ekstrem,0
422,neraka kena bom surga orang muka bumi masuk goku,0
423,bot ih liebe ih a inya bot kasih ipad barusan cemplung jamban kuda,0
424,copot darmin nasution menteri ekonomi ekonomi bodoh turun daya beli jabat,0
425,bodoh anjir bodoh tertawa gue tertawa astagfirullah humor banget uniform resource locator,0
426,mata picek cuk norak lihat prestasi jokowi nguoblokkk tolol,0
428,coba dedengkot jin terang ulama saudi rilis publik akidah jin contoh jin anggap kafir peluk kristen hindu buddha peluang masuk surga fatwa saudi jin adal,0
429,sepe i hujan lebat langit gelap gelita guruh a kilat sumbat jari telinga dengar suara petir ranah takut mati masakan lepas allah me,0
430,cerdas konseptual,0
431,nama yoon gi putus iring sergap mata asa antuk gigit bibir ragu gapai gelas minum wine tinggal,0
432,bismillah melayu raya tanah melayu nama dengar kaji jajah tanah melayu thread kupas serba bani jawi,0
433,nak kawin nih kena simpan duit ilmu agama kena benda kena senang cerita,0
434,aduh lucu banget adik kelas gue pas lapor bang field trip taman safari heran 1 nama teman arisan keluarga bawa 1 sekolah tai arisan,0
435,main anjing,0
436,hebat arif suku badui hutan jaga budaya nafas hidup hidup jaga imbang alam,0
437,ya iya gilir ramai bela pas idol mati sedih doang serbu gila gila sarap ya maaf,0
438,sabar doa usaha ikhtiar mudah mudah bentar 2019 ganti presiden pakai sontek pakai plonga plongo,0
439,umat islam maksud front bela islam hati muslim nista islam bajing muslim onar kecut lari mesum islam islam gilir mesum islam onar islam,0
440,warga semarang prihatin kontroversi puisi gus mus,0
441,celeng nya bang acon susah banget xa,0
442,cari musuh dasar ana cebong kampret,0
443,tuju dewan wakil rakyat menteri jabat negara wajib potong 50 masuk presiden pegawai negeri sipil potong pegawai swasta potong,0
444,nih akun hasil bodoh kaum 212 bikin kaum kaum biar jokowi anti islam wkwk,0
445,juara tipu junjung bani kampret 212,0
446,turun cina sipit,0
447,amin rais bikin kacau suruh reformasi pilih kepala daerah salah hasil,0
449,takut banci uniform resource locator,0
450,lindung masyarakat wilayah tawangsari bulu amp lihat terima bekal pam pilih kepala daerah serentak,0
451,bolot,0
452,native speaker ya mother language nya english komen jaga bangsat,0
453,nyata bangkai,0
454,salah tulis salah bu maksud nya cebong muda kampung,0
455,nama absurd first impression bikin enak imajinasi ganteng etik pas coba ngewe direct message enak banget harap direct message nyata,0
456,admin presiden pm,0
457,stw singaraja suka kontol uniform resource locator,0
458,kafir haram pimpin monyet,0
459,shio baekhyun monyet,0
460,ceruk pasar pasar pasar butuh contoh asuransi pensiun tentara us orang pensiun tentara pensiun tentara asuransi alat butuh orang cacat orang cacat ta,0
461,kiai staquf suku ras biar mudah paham nalar bahlul arab sembah sodor arab bani saud pro israel eh pura pura,0
462,laku dosa ya anis sandi bully rendah orang jahat licik bully rendah dunia kejam kawan,0
463,om om ajar agama buddha hindu coba ajar ya buka mulut,0
464,alam kerja time cina best kerja melayu haha,0
465,kuat jijik ku cepat asa kejar kejar ya napas sungkan wkwk,0
467,hehe nyata pasar global batas lokal asing asing jujur,0
468,gue diving mampus junedi,0
469,suciwati revolusi mental jokowi omong kosong bual tuju amp komen uniform resource locator,0
470,marah orang rupiah panggil sipit hoshi suka mata sepele ah fisik pakai definisi hoshi milik mata sipit deh,0
471,otak makelar jual aset negara maling aset negara pe amina jual isi tenaga kerja asing tiongkok 2019 ganti presiden nurl,0
472,akun siti fatimah amp komen laman ringkas parah amp bejat malu moga sehat sabar amp semangat suara,0
473,bawang putih kafir haram his hiks hiks,0
475,rawan join buah gera arus rindu pimpin nasional nasionalis islam moderat cak imin the next wakil presiden join 2019,0
476,onta nsd,0
477,umpan pakai biar mancing buaya,0
478,komunis abad partai komunis indonesia kecoak makan kecoak,0
479,retweeted ikko pribumi tiru horas horas horas kapal feri presiden unjung pulau samosir rangkai kunjung kerja presiden sambut upacara adat samosir pekik horas horas horas,0
480,mata lu picek ya janji jokowi tagih susilo bambang yudhoyono mata picek blok,0
481,indonesia be ahan kuat ekonomi politik hun pilih kerja simpan beda agama,0
482,50 freepo kuasa asing perintah jokowi a jonan menteri energi sumber daya mineral freepo ambil alih saham jonan jos,0
483,as clara anak pintar dongok kocak cantik idot tau malu urat malu putus butt muka nya imut banget,0
484,menteri agama riset guru agama islam negeri orientasi publikasi a ikel scopus jenis tantang umat islam guru agama islam negeri pangkal data rujuk bangun database ulama nusantara,0
485,presiden buruk sejarah bangsa bangsa cebong,0
486,me nusantara a i nasionalisasi aset asai asing laku pimpin sungguh nasionalis patriotik nusantara versi proxy be uju lemah tahan nusantara nasional bangsa,0
487,foto profil nya pesawat bilang cinta produk asing sederhana ukur parah tingkat munafik mu langsung terjun pesawat biar sesuai,0
488,remuk rengginang cocot ah,0
489,ku padah eh even bodoh bulak curang ompu ya nya still segal sayang eh bodoh sikpande harga,0
490,,0
